max bit size,chance of compression being favorable,average compression amount in percent,median compression amount in percent,best compression amount in percent,best compression input,average favorable compression amount in percent,median favorable compression amount in percent
20,36.956000,-0.632167,0.000000,70.833333,,9.434643,8.333333
50,25.154000,-2.711232,-3.571429,33.928571,,4.451081,3.571429
100,15.303000,-3.415433,-3.846154,17.307692,,2.560018,1.923077
200,6.183000,-3.786455,-4.000000,8.500000,,1.423176,1.000000
500,0.516000,-4.068188,-3.968254,2.579365,,0.619463,0.396825
1000,0.005000,-4.143369,-4.100000,0.400000,,0.240000,0.200000
2000,0.000000,-4.182005,-4.200000,-0.300000,,0.000000,0.000000
5000,0.000000,-4.211630,-4.220000,-2.000000,,0.000000,0.000000
