max bit size,chance of compression being favorable,average compression ratio,median compression ratio,best compression ratio,best compression input,average favorable compression ratio,median favorable compression ratio
20,36.956000,1.006322,1.000000,0.291667,,0.905654,0.916667
50,25.154000,1.027112,1.035714,0.660714,,0.955489,0.964286
100,15.303000,1.034154,1.038462,0.826923,,0.974400,0.980769
200,6.183000,1.037865,1.040000,0.915000,,0.985768,0.990000
500,0.516000,1.040682,1.039683,0.974206,,0.993805,0.996032
1000,0.005000,1.041434,1.041000,0.996000,,0.997600,0.998000
2000,0.000000,1.041820,1.042000,1.003000,,0.000000,0.000000
5000,0.000000,1.042116,1.042200,1.020000,,0.000000,0.000000
