compression up to input,chance of compression being favorable,average compression ratio,median compression ratio,best compression ratio,best compression input,average favorable compression ratio,median favorable compression ratio
10,10.000000,1.075000,1.000000,0.666667,4,0.666667,0.666667
100,22.000000,1.064190,1.000000,0.666667,4,0.815260,0.833333
1000,21.700000,1.050987,1.000000,0.666667,4,0.866813,0.888889
10000,21.210000,1.048572,1.071429,0.666667,4,0.897964,0.916667
100000,20.148000,1.049140,1.058824,0.666667,4,0.912765,0.933333
